{
  "final_loss": 0.2730091200905407,
  "num_generations_run": 10,
  "sigma_trace": 2.1554905457596356,
  "sigma_condition_number": 2.3465757288703015
}