{
  "condition": "C2_pure_sysid",
  "condition_config": {
    "dr_mode": "none",
    "p_star": [
      0.05447707325220108,
      -0.13379435241222382,
      -0.08434583991765976,
      -0.09498076140880585,
      -0.09740515798330307,
      0.09228828549385071,
      0.12721748650074005,
      -0.06691593676805496,
      0.09548012167215347,
      0.11681216210126877,
      0.0038217033725231886,
      -0.07409034669399261,
      0.09698686003684998,
      -0.08638034015893936,
      0.07195395231246948,
      0.04296084865927696,
      0.13066980242729187,
      -0.08001188188791275,
      0.08966226875782013,
      0.005531763192266226,
      -0.08106161653995514,
      -0.10002962499856949,
      -3.3261600037803873e-05
    ],
    "description": "Train at identified p* only, no randomization"
  },
  "training": {
    "algorithm": "PPO",
    "num_envs": 4096,
    "num_steps": 64,
    "total_timesteps": 500000000,
    "learning_rate": 0.0001,
    "gamma": 0.99,
    "gae_lambda": 0.95,
    "clip_eps": 0.2,
    "entropy_coef": 0.03,
    "value_coef": 0.5,
    "max_grad_norm": 0.5,
    "num_minibatches": 32,
    "update_epochs": 5,
    "normalize_advantages": true,
    "episode_length": 1000
  },
  "seed": 2
}