{
  "generation": [
    0,
    1,
    2,
    3,
    4,
    5,
    6,
    7,
    8,
    9,
    10,
    11,
    12,
    13,
    14,
    15,
    16,
    17,
    18,
    19,
    20,
    21,
    22,
    23,
    24,
    25,
    26,
    27,
    28,
    29,
    30,
    31,
    32,
    33,
    34,
    35,
    36,
    37,
    38,
    39,
    40,
    41,
    42,
    43,
    44,
    45,
    46,
    47,
    48,
    49
  ],
  "best_fim_trace": [
    0.14099096408357134,
    0.1432745203986938,
    0.1710127727316702,
    0.1941240717488463,
    0.1889687186554351,
    0.20061316920590866,
    0.22012553659274942,
    0.25180325613774596,
    0.2151966809261562,
    0.20717896841119388,
    0.24837675454042496,
    0.2377616778494818,
    0.24220161085066005,
    0.2503343029062711,
    0.23431429570555257,
    0.24587096954094756,
    0.26407816268267303,
    0.2914331867963792,
    0.2851451206554427,
    0.29104941389533645,
    0.28306076469052427,
    0.28481237874042736,
    0.27388872231337763,
    0.280420115454036,
    0.28858385241698886,
    0.28455351309278704,
    0.3057766152589666,
    0.29178024834962857,
    0.29664857877923495,
    0.2967069396519755,
    0.3136989149799846,
    0.3082714305583205,
    0.30861091262253854,
    0.32584537190563145,
    0.3283055660424881,
    0.3321351637117388,
    0.3230851376448993,
    0.3329095581521609,
    0.32755192436957536,
    0.3287929911642287,
    0.33086017594684164,
    0.3413908921606028,
    0.3552120402257385,
    0.34720929897811065,
    0.3489421279105887,
    0.35472613548884774,
    0.35506276043887636,
    0.36726707896849664,
    0.36776615244543576,
    0.3612438273061866
  ],
  "mean_fim_trace": [
    0.08917623084863374,
    0.09965568558008317,
    0.12845935350991816,
    0.14568928380606072,
    0.15742955099596725,
    0.14225783410493703,
    0.15311796715707068,
    0.16836769738154597,
    0.18174656634608685,
    0.17566116984766839,
    0.1816459621590186,
    0.20040475406164257,
    0.1982148915380867,
    0.19093989283858984,
    0.18954333759652023,
    0.19995617348675732,
    0.22498445324669847,
    0.234666242772163,
    0.22901149009053035,
    0.22616648751619398,
    0.23551889190913838,
    0.22003232904021422,
    0.22199932021402657,
    0.2374941976781587,
    0.2470639546508963,
    0.24929363706372903,
    0.25841018278057654,
    0.26650984497234836,
    0.26793490337811265,
    0.2725632738779759,
    0.2754239159074623,
    0.2792907829323706,
    0.27965932047901276,
    0.2908842359238535,
    0.3002412759616435,
    0.30120478607587875,
    0.29886616563557966,
    0.2960618588097136,
    0.3039751964535332,
    0.29789230146053636,
    0.3072314538808737,
    0.3115365679804898,
    0.31614099938370605,
    0.32538619410951536,
    0.323301422648578,
    0.3305505438541088,
    0.33044850584880076,
    0.33441350913371826,
    0.3403272707990682,
    0.3443434815677241
  ]
}