{
  "freq": 4.942760306041533,
  "amplitudes": [
    0.2577583108544366,
    0.2922470758320664,
    0.2952329657543298,
    0.22524823157753157,
    0.2666155966394936,
    0.2218342524647635,
    0.26817772611655477,
    0.28056252125324477,
    0.28750341608701563,
    0.2328680495431946,
    0.2998026503343472,
    0.06599306560653898,
    0.14879511382073746,
    0.2963154919992274,
    0.08544741658837184,
    0.22997004609569643,
    0.1064305833314313,
    0.026765248794454754,
    0.056808987942380956,
    0.288375185582302,
    0.2727665397061471,
    0.11491958985369691,
    0.2648555416947424
  ],
  "phases": [
    0.0,
    0.2731819698773733,
    0.5463639397547466,
    0.8195459096321199,
    1.0927278795094932,
    1.3659098493868664,
    1.6390918192642399,
    1.9122737891416133,
    2.1854557590189865,
    2.4586377288963597,
    2.731819698773733,
    3.0050016686511065,
    3.2781836385284797,
    3.551365608405853,
    3.8245475782832266,
    4.0977295481606,
    4.370911518037973,
    4.644093487915346,
    4.917275457792719,
    5.1904574276700925,
    5.463639397547466,
    5.73682136742484,
    6.010003337302213
  ],
  "duration": 10.0,
  "control_dt": 0.02
}