{
  "final_loss": 0.0004927302563865048,
  "num_generations_run": 9,
  "sigma_trace": 0.656762699357053,
  "sigma_condition_number": 1.5162791903823034
}