{
  "final_loss": 1.333635775591975e-06,
  "num_generations_run": 100,
  "sigma_trace": 0.0004915131721645594,
  "sigma_condition_number": 67.61225891113281
}