{
  "generation": [
    0,
    1,
    2,
    3,
    4,
    5,
    6,
    7,
    8,
    9,
    10,
    11,
    12,
    13,
    14,
    15,
    16,
    17,
    18,
    19,
    20,
    21,
    22,
    23,
    24,
    25,
    26,
    27,
    28,
    29,
    30,
    31,
    32,
    33,
    34,
    35,
    36,
    37,
    38,
    39,
    40,
    41,
    42,
    43,
    44,
    45,
    46,
    47,
    48,
    49,
    50,
    51,
    52,
    53,
    54,
    55,
    56,
    57,
    58,
    59,
    60,
    61,
    62,
    63,
    64,
    65,
    66,
    67,
    68,
    69,
    70,
    71,
    72,
    73,
    74,
    75,
    76,
    77,
    78,
    79,
    80,
    81,
    82,
    83,
    84,
    85,
    86,
    87,
    88,
    89,
    90,
    91,
    92,
    93,
    94,
    95,
    96,
    97,
    98,
    99
  ],
  "best_fim_trace": [
    0.16114395237068005,
    0.16113362944015483,
    0.19801691024394552,
    0.20508437718446043,
    0.2648373635568019,
    0.22022253417441248,
    0.2633992395596181,
    0.3072273249560891,
    0.30711564416479475,
    0.35718798761755016,
    0.29871836911082045,
    0.2845860608978402,
    0.2861376151926037,
    0.30698540332689966,
    0.30412435897268464,
    0.3301015415406433,
    0.30801654658007993,
    0.32681919822986466,
    0.3385249623327278,
    0.3456334647400827,
    0.3568558574512262,
    0.37011656696805345,
    0.3483969278149518,
    0.36094207914983956,
    0.3595959661475179,
    0.36802104591254736,
    0.40520386962435295,
    0.40052683860814087,
    0.4061747911165771,
    0.42270944968619617,
    0.38960785911484963,
    0.40892767474115466,
    0.41780045517431136,
    0.4336522671939663,
    0.4366640961181137,
    0.4500447542541367,
    0.4382880631169734,
    0.4395018745595779,
    0.44352562171389454,
    0.4506719124013906,
    0.4447057291755623,
    0.4432886244362813,
    0.48235639475091874,
    0.4688333371543565,
    0.4668699041212048,
    0.4782029107605214,
    0.460460234911265,
    0.45847830745121215,
    0.46312350931280294,
    0.5008006999604194,
    0.4929858516504007,
    0.48459903967853357,
    0.47190044491661925,
    0.47947423647852183,
    0.4819684540320212,
    0.48921769952103167,
    0.47325566999774704,
    0.4819289439396189,
    0.48787960220476095,
    0.5058191487461978,
    0.5101273721542827,
    0.4949670125232985,
    0.5030599248415015,
    0.5022691221976299,
    0.5101008625024991,
    0.5136601125034138,
    0.49937703334439104,
    0.5085124527852697,
    0.5141170001887664,
    0.5066133200210445,
    0.5151537968872411,
    0.49818548922948513,
    0.5081010187573707,
    0.5143579094619337,
    0.5282428576841226,
    0.5202849413281335,
    0.5306730265887653,
    0.5333278928448343,
    0.5138263290092902,
    0.5480385439175467,
    0.5161079448730527,
    0.5340816690313879,
    0.5285379290329921,
    0.5298908258164132,
    0.5264302869253582,
    0.5258881249920472,
    0.5304330677743591,
    0.5358881926001428,
    0.5334657166829447,
    0.5385728485445587,
    0.5357413528991191,
    0.5400278032984638,
    0.5510307417050863,
    0.5408935528962734,
    0.5291454845079224,
    0.5381819499582094,
    0.5311187088300316,
    0.5469345545725919,
    0.5416932664403973,
    0.5396319846040118
  ],
  "mean_fim_trace": [
    0.08865416278450922,
    0.11636459362211987,
    0.1308314997571634,
    0.15208009951015383,
    0.15171676001974968,
    0.1653469003100106,
    0.19138406904225047,
    0.19428334289111276,
    0.2087647999500114,
    0.18821704017687862,
    0.20326063873621092,
    0.20100191643451665,
    0.21043596966505881,
    0.21236464170309016,
    0.23407389694635333,
    0.24218078189064138,
    0.23958972657363542,
    0.2455572618435693,
    0.2640601356747173,
    0.27007699035307775,
    0.2833261465544842,
    0.2866551721951442,
    0.2997462892114045,
    0.30272953957479487,
    0.3083703450462919,
    0.31291829978353247,
    0.32188745736349356,
    0.338113167564203,
    0.3335764777522886,
    0.34512129826785864,
    0.3393446837064372,
    0.35388194157249675,
    0.3668582468194627,
    0.3728358836654209,
    0.38546527055078317,
    0.39432278913809615,
    0.394919301793715,
    0.39504899890349493,
    0.3950691641871593,
    0.4034838875236808,
    0.4101336864085774,
    0.4093563580294646,
    0.4146354969900299,
    0.4180331040633908,
    0.4289072802959949,
    0.4355094076708387,
    0.43314474889035914,
    0.4306932700799931,
    0.4328713548434361,
    0.44275570312363133,
    0.445691203960624,
    0.44985093178158586,
    0.45003567489280216,
    0.4540456666225982,
    0.45192996299953064,
    0.453264335658097,
    0.45263168620767075,
    0.45943656938398925,
    0.46073183920102434,
    0.46911086440679184,
    0.46651468877452756,
    0.46856045163046345,
    0.4721903881196573,
    0.4747329394911398,
    0.47823745979261995,
    0.4745082547830334,
    0.47593419627496303,
    0.4798162781884474,
    0.48163347789698474,
    0.4828046954165021,
    0.4873085386904514,
    0.48130918947768053,
    0.4853109888067134,
    0.48823379448315374,
    0.4903202466775136,
    0.4918415206780904,
    0.5013025054716455,
    0.4962064430459553,
    0.49576496193457215,
    0.4985450641706587,
    0.4922897202440959,
    0.49699263764652823,
    0.49469545106320706,
    0.49804029619460605,
    0.4980251258094897,
    0.5011147986904229,
    0.5007460859888473,
    0.504807674014126,
    0.5069940346430981,
    0.506082936494384,
    0.5028874692459336,
    0.5024110636111407,
    0.5088848643639183,
    0.504051069051595,
    0.5023074006497937,
    0.507741947642879,
    0.5058274169723793,
    0.5113567062937683,
    0.5100942640121544,
    0.5113428517446946
  ]
}