{
  "freqs": [
    4.315756314027959,
    4.315756314027959,
    4.315756314027959,
    4.315756314027959,
    4.315756314027959,
    4.315756314027959,
    4.315756314027959,
    4.315756314027959,
    4.315756314027959,
    4.315756314027959,
    4.315756314027959,
    4.063547863786812,
    1.188232139975302,
    4.063547863786812,
    1.1843305506412245,
    0.46470603519282894,
    0.46470603519282894,
    4.063547863786812,
    1.188232139975302,
    4.063547863786812,
    1.1843305506412245,
    0.46470603519282894,
    0.46470603519282894
  ],
  "amplitudes": [
    0.29375222571698667,
    0.2917791610888734,
    0.28898162556932555,
    0.2834369084033033,
    0.2904263444844627,
    0.1620189859295164,
    0.2874811115049591,
    0.2932138874887058,
    0.2951283757720953,
    0.23052001545242212,
    0.27940147275542027,
    0.2846090063137694,
    0.287573526742843,
    0.2845591573354623,
    0.200570588402796,
    0.14876099882426858,
    0.27639860456201537,
    0.28837663754260506,
    0.29172144672974376,
    0.2934427439528776,
    0.240745951730984,
    0.11784934719437884,
    0.07121543228274804
  ],
  "phases": [
    0.0,
    0.2731819698773733,
    0.5463639397547466,
    0.8195459096321199,
    1.0927278795094932,
    1.3659098493868664,
    1.6390918192642399,
    1.9122737891416133,
    2.1854557590189865,
    2.4586377288963597,
    2.731819698773733,
    3.0050016686511065,
    3.2781836385284797,
    3.551365608405853,
    3.8245475782832266,
    4.0977295481606,
    4.370911518037973,
    4.644093487915346,
    4.917275457792719,
    5.1904574276700925,
    5.463639397547466,
    5.73682136742484,
    6.010003337302213
  ],
  "duration": 10.0,
  "control_dt": 0.02,
  "freq_groups": [
    [
      0,
      1,
      2,
      3,
      4,
      5,
      6,
      7,
      8,
      9,
      10
    ],
    [
      11,
      13,
      17,
      19
    ],
    [
      12,
      18
    ],
    [
      14,
      20
    ],
    [
      15,
      16,
      21,
      22
    ]
  ]
}