{
  "final_loss": 1.4952657430679467e-06,
  "num_generations_run": 100,
  "sigma_trace": 0.00013567762398087924,
  "sigma_condition_number": 21.90355465862366
}