{
  "fim_by_command": {
    "stand": {
      "friction_AAHead_yaw": 0.8955789572771007,
      "friction_Head_pitch": 0.7774627787860325,
      "friction_Left_Shoulder_Pitch": 1.0378422713333972,
      "friction_Left_Shoulder_Roll": 6.346437183443257,
      "friction_Left_Elbow_Pitch": 1.259644399947592,
      "friction_Left_Elbow_Yaw": 1.1328061424411013,
      "friction_Right_Shoulder_Pitch": 0.7876338065304704,
      "friction_Right_Shoulder_Roll": 1.2451726955928526,
      "friction_Right_Elbow_Pitch": 0.8873476859724505,
      "friction_Right_Elbow_Yaw": 1.0426206070088184,
      "friction_Waist": 1.212053794629448,
      "friction_Left_Hip_Pitch": 2.0886349113478397,
      "friction_Left_Hip_Roll": 1.9103380422468441,
      "friction_Left_Hip_Yaw": 0.5263645203748399,
      "friction_Left_Knee_Pitch": 2.6302772615497085,
      "friction_Left_Ankle_Pitch": 3.4434920886553604,
      "friction_Left_Ankle_Roll": 2.045314026310959,
      "friction_Right_Hip_Pitch": 3.4411396641639307,
      "friction_Right_Hip_Roll": 1.503926238446506,
      "friction_Right_Hip_Yaw": 0.5352398923026419,
      "friction_Right_Knee_Pitch": 1.8362263865461481,
      "friction_Right_Ankle_Pitch": 1.7480054220603625,
      "friction_Right_Ankle_Roll": 1.2416350275173818
    },
    "walk_slow": {
      "friction_AAHead_yaw": 1.9315473150690428,
      "friction_Head_pitch": 2.404420154629653,
      "friction_Left_Shoulder_Pitch": 2.58892766418616,
      "friction_Left_Shoulder_Roll": 2.9029666509681125,
      "friction_Left_Elbow_Pitch": 1.9060909953203224,
      "friction_Left_Elbow_Yaw": 1.898492832291332,
      "friction_Right_Shoulder_Pitch": 1.7769013705612295,
      "friction_Right_Shoulder_Roll": 2.364123480376932,
      "friction_Right_Elbow_Pitch": 1.7619053007135788,
      "friction_Right_Elbow_Yaw": 2.378163599005583,
      "friction_Waist": 2.492527139213819,
      "friction_Left_Hip_Pitch": 3.562947838449451,
      "friction_Left_Hip_Roll": 2.376915178099176,
      "friction_Left_Hip_Yaw": 2.3065534205450935,
      "friction_Left_Knee_Pitch": 4.31645026244959,
      "friction_Left_Ankle_Pitch": 3.446639820696624,
      "friction_Left_Ankle_Roll": 2.151154222733763,
      "friction_Right_Hip_Pitch": 3.666758523633091,
      "friction_Right_Hip_Roll": 2.7149692620212047,
      "friction_Right_Hip_Yaw": 2.1789440414694417,
      "friction_Right_Knee_Pitch": 3.281083426654869,
      "friction_Right_Ankle_Pitch": 3.0363019152667405,
      "friction_Right_Ankle_Roll": 2.6799285273102704
    },
    "walk_fast": {
      "friction_AAHead_yaw": 2.1630730638990463,
      "friction_Head_pitch": 1.9422503246162726,
      "friction_Left_Shoulder_Pitch": 1.9748306193226985,
      "friction_Left_Shoulder_Roll": 2.8406344770095178,
      "friction_Left_Elbow_Pitch": 2.144406463014407,
      "friction_Left_Elbow_Yaw": 2.1905000323177464,
      "friction_Right_Shoulder_Pitch": 2.51862242513787,
      "friction_Right_Shoulder_Roll": 2.4576038920194327,
      "friction_Right_Elbow_Pitch": 2.6855614336281257,
      "friction_Right_Elbow_Yaw": 2.1600157997020313,
      "friction_Waist": 2.5435191342432875,
      "friction_Left_Hip_Pitch": 3.80139316288281,
      "friction_Left_Hip_Roll": 2.7611807711241214,
      "friction_Left_Hip_Yaw": 2.8539368065847737,
      "friction_Left_Knee_Pitch": 6.8871136300906315,
      "friction_Left_Ankle_Pitch": 2.3678940223874583,
      "friction_Left_Ankle_Roll": 3.0450914579285744,
      "friction_Right_Hip_Pitch": 6.535586938427208,
      "friction_Right_Hip_Roll": 2.453191070185977,
      "friction_Right_Hip_Yaw": 3.3546221249149495,
      "friction_Right_Knee_Pitch": 4.878091971244326,
      "friction_Right_Ankle_Pitch": 2.4001382636410518,
      "friction_Right_Ankle_Roll": 3.077399565031585
    },
    "walk_back": {
      "friction_AAHead_yaw": 2.1213561397566445,
      "friction_Head_pitch": 3.0096923715150776,
      "friction_Left_Shoulder_Pitch": 5.875029072045294,
      "friction_Left_Shoulder_Roll": 2.627606236218939,
      "friction_Left_Elbow_Pitch": 2.7636286818355003,
      "friction_Left_Elbow_Yaw": 2.9604174436421484,
      "friction_Right_Shoulder_Pitch": 2.5909085417588598,
      "friction_Right_Shoulder_Roll": 5.397558821594776,
      "friction_Right_Elbow_Pitch": 2.1271820175137206,
      "friction_Right_Elbow_Yaw": 2.639049790474151,
      "friction_Waist": 6.113190145786788,
      "friction_Left_Hip_Pitch": 8.174857012098025,
      "friction_Left_Hip_Roll": 4.667771982126049,
      "friction_Left_Hip_Yaw": 3.155604774888918,
      "friction_Left_Knee_Pitch": 7.651820836073956,
      "friction_Left_Ankle_Pitch": 3.272138892926832,
      "friction_Left_Ankle_Roll": 4.805422825906119,
      "friction_Right_Hip_Pitch": 3.062222186122932,
      "friction_Right_Hip_Roll": 3.6554159478356856,
      "friction_Right_Hip_Yaw": 3.528857610963682,
      "friction_Right_Knee_Pitch": 9.099871946999466,
      "friction_Right_Ankle_Pitch": 6.337859305621377,
      "friction_Right_Ankle_Roll": 3.710134082524624
    },
    "turn": {
      "friction_AAHead_yaw": 1.232758267680349,
      "friction_Head_pitch": 1.2890988165306365,
      "friction_Left_Shoulder_Pitch": 1.4018100730637677,
      "friction_Left_Shoulder_Roll": 1.951019215473742,
      "friction_Left_Elbow_Pitch": 1.047666920830517,
      "friction_Left_Elbow_Yaw": 1.0479583496621907,
      "friction_Right_Shoulder_Pitch": 1.2300667588949183,
      "friction_Right_Shoulder_Roll": 2.485483991477651,
      "friction_Right_Elbow_Pitch": 1.8322396418477989,
      "friction_Right_Elbow_Yaw": 1.12618326348529,
      "friction_Waist": 1.0753727589464794,
      "friction_Left_Hip_Pitch": 3.7031160287566864,
      "friction_Left_Hip_Roll": 4.421135631990804,
      "friction_Left_Hip_Yaw": 1.3104264978169466,
      "friction_Left_Knee_Pitch": 3.284621364714244,
      "friction_Left_Ankle_Pitch": 4.334583057727015,
      "friction_Left_Ankle_Roll": 1.4604899141910892,
      "friction_Right_Hip_Pitch": 6.058260152123749,
      "friction_Right_Hip_Roll": 1.2511888010857088,
      "friction_Right_Hip_Yaw": 1.3714649490664073,
      "friction_Right_Knee_Pitch": 6.248392011383313,
      "friction_Right_Ankle_Pitch": 2.1536203481675336,
      "friction_Right_Ankle_Roll": 1.9047460610596003
    },
    "walk_and_turn": {
      "friction_AAHead_yaw": 2.1304524813950367,
      "friction_Head_pitch": 2.5011039454911326,
      "friction_Left_Shoulder_Pitch": 1.913328751197051,
      "friction_Left_Shoulder_Roll": 2.8297279104814956,
      "friction_Left_Elbow_Pitch": 2.3373588106915246,
      "friction_Left_Elbow_Yaw": 2.3775588572750608,
      "friction_Right_Shoulder_Pitch": 2.359284905044885,
      "friction_Right_Shoulder_Roll": 3.1530836552260655,
      "friction_Right_Elbow_Pitch": 2.3657349442622517,
      "friction_Right_Elbow_Yaw": 2.0809451929206704,
      "friction_Waist": 4.609716849413055,
      "friction_Left_Hip_Pitch": 4.637704731583029,
      "friction_Left_Hip_Roll": 2.388019224639551,
      "friction_Left_Hip_Yaw": 3.1865667506306075,
      "friction_Left_Knee_Pitch": 3.8717166613454594,
      "friction_Left_Ankle_Pitch": 2.382176428430284,
      "friction_Left_Ankle_Roll": 2.4713097317657744,
      "friction_Right_Hip_Pitch": 5.832611971297969,
      "friction_Right_Hip_Roll": 3.395435994998108,
      "friction_Right_Hip_Yaw": 1.8881965697561762,
      "friction_Right_Knee_Pitch": 3.935594142174644,
      "friction_Right_Ankle_Pitch": 2.6596426119201406,
      "friction_Right_Ankle_Roll": 1.9377644466666628
    },
    "mixed": {
      "friction_AAHead_yaw": 1.9614850859413726,
      "friction_Head_pitch": 2.477383202550358,
      "friction_Left_Shoulder_Pitch": 2.015616357227375,
      "friction_Left_Shoulder_Roll": 3.2305693226000898,
      "friction_Left_Elbow_Pitch": 1.69710094081153,
      "friction_Left_Elbow_Yaw": 2.6402156029263386,
      "friction_Right_Shoulder_Pitch": 2.6045317442396283,
      "friction_Right_Shoulder_Roll": 3.4896041736765455,