{
  "final_loss": 0.7693345725666163,
  "num_generations_run": 137,
  "sigma_trace": 0.1424882245379825,
  "sigma_condition_number": 45.94846673828195
}