{
  "final_loss": 0.3462994397931731,
  "num_generations_run": 77,
  "sigma_trace": 1.1973366740173568,
  "sigma_condition_number": 62.707065161797686
}