{
  "freqs": [
    4.545843302994056,
    4.545843302994056,
    4.545843302994056,
    4.545843302994056,
    4.545843302994056,
    4.545843302994056,
    4.545843302994056,
    4.545843302994056,
    4.545843302994056,
    4.545843302994056,
    4.545843302994056,
    4.599364461306657,
    1.1352535291952917,
    4.599364461306657,
    2.203311945107594,
    1.3048211230264655,
    1.3048211230264655,
    4.599364461306657,
    1.1352535291952917,
    4.599364461306657,
    2.203311945107594,
    1.3048211230264655,
    1.3048211230264655
  ],
  "amplitudes": [
    0.2906136939021959,
    0.27589964540492434,
    0.292459495704028,
    0.27923183296144133,
    0.2771378318428342,
    0.2908478163369572,
    0.2966752322399448,
    0.282133873187713,
    0.27310709939377714,
    0.2983774833993791,
    0.2955060839736335,
    0.2701979581667855,
    0.2907276917876601,
    0.2897613049056833,
    0.07741327633868957,
    0.1096828596987301,
    0.12164978179991137,
    0.03385317321165422,
    0.2859056477081386,
    0.2910976417590454,
    0.2953453890702387,
    0.14394542907577232,
    0.17941882839721962
  ],
  "phases": [
    0.0,
    0.2731819698773733,
    0.5463639397547466,
    0.8195459096321199,
    1.0927278795094932,
    1.3659098493868664,
    1.6390918192642399,
    1.9122737891416133,
    2.1854557590189865,
    2.4586377288963597,
    2.731819698773733,
    3.0050016686511065,
    3.2781836385284797,
    3.551365608405853,
    3.8245475782832266,
    4.0977295481606,
    4.370911518037973,
    4.644093487915346,
    4.917275457792719,
    5.1904574276700925,
    5.463639397547466,
    5.73682136742484,
    6.010003337302213
  ],
  "duration": 10.0,
  "control_dt": 0.02,
  "freq_groups": [
    [
      0,
      1,
      2,
      3,
      4,
      5,
      6,
      7,
      8,
      9,
      10
    ],
    [
      11,
      13,
      17,
      19
    ],
    [
      12,
      18
    ],
    [
      14,
      20
    ],
    [
      15,
      16,
      21,
      22
    ]
  ]
}