{
  "generation": [
    0,
    1,
    2,
    3,
    4,
    5,
    6,
    7,
    8,
    9,
    10,
    11,
    12,
    13,
    14,
    15,
    16,
    17,
    18,
    19,
    20,
    21,
    22,
    23,
    24,
    25,
    26,
    27,
    28,
    29,
    30,
    31,
    32,
    33,
    34,
    35,
    36,
    37,
    38,
    39,
    40,
    41,
    42,
    43,
    44,
    45,
    46,
    47,
    48,
    49,
    50,
    51,
    52,
    53,
    54,
    55,
    56,
    57,
    58,
    59,
    60,
    61,
    62,
    63,
    64,
    65,
    66,
    67,
    68,
    69,
    70,
    71,
    72,
    73,
    74,
    75,
    76,
    77,
    78,
    79,
    80,
    81,
    82,
    83,
    84,
    85,
    86,
    87,
    88,
    89,
    90,
    91,
    92,
    93,
    94,
    95,
    96,
    97,
    98,
    99,
    100,
    101,
    102,
    103,
    104,
    105,
    106,
    107,
    108,
    109,
    110,
    111,
    112,
    113,
    114,
    115,
    116,
    117,
    118,
    119,
    120,
    121,
    122,
    123,
    124,
    125,
    126,
    127,
    128,
    129,
    130,
    131,
    132,
    133,
    134,
    135,
    136,
    137,
    138,
    139,
    140,
    141,
    142,
    143,
    144,
    145,
    146,
    147,
    148,
    149
  ],
  "best_fim_trace": [
    0.007544252780240376,
    0.007883959190365913,
    0.008572311697712692,
    0.010399497205842344,
    0.010011035467004065,
    0.009650709820414716,
    0.01240936531245104,
    0.01088917100497237,
    0.01194668416926518,
    0.011921488408996993,
    0.012671153283649903,
    0.013262871017561188,
    0.012654285116006766,
    0.01401998065980413,
    0.013317889590664407,
    0.014620947279673559,
    0.012961602198303512,
    0.01377446951241244,
    0.014391431613148228,
    0.014782917439771465,
    0.015075417228156565,
    0.015628690480655263,
    0.015787047874497112,
    0.015717292391534243,
    0.015868119868042874,
    0.01646507564037758,
    0.015908988230081016,
    0.016159258212453693,
    0.017145653870460256,
    0.017997431216106318,
    0.016841444104969464,
    0.017019558498026312,
    0.017498024064218614,
    0.0181989541993681,
    0.01796324472319652,
    0.0184323417153767,
    0.01815131814489689,
    0.01783860734885168,
    0.018976985853781034,
    0.01815255388561095,
    0.01864732754179071,
    0.01844762704711686,
    0.019271973329184625,
    0.018469629925729335,
    0.01967925057362453,
    0.019498732249417082,
    0.019675548750578226,
    0.02006493412834222,
    0.019673206189674705,
    0.019451799128615516,
    0.01969018311869484,
    0.020012480495233076,
    0.019720839576664245,
    0.02011903538249466,
    0.02014007642331662,
    0.019780948543665636,
    0.020128534164227968,
    0.019910349395273464,
    0.02005978994322617,
    0.020190435297237644,
    0.020334292619688193,
    0.020894993832347875,
    0.020393446068651663,
    0.020488772536309048,
    0.020846103523249504,
    0.02103997185566918,
    0.020557642894418027,
    0.02124174168274346,
    0.020868464896522564,
    0.020652909575163667,
    0.020464910016693268,
    0.020478010073370485,
    0.022487242328410668,
    0.021372231109489277,
    0.021965365862648554,
    0.021002519597370886,
    0.021024239767805264,
    0.020711340567496885,
    0.02144535078022924,
    0.0210100497377802,
    0.021378082363140632,
    0.02080529576052555,
    0.020767521933159415,
    0.021524474621568455,
    0.02119876447503239,
    0.021270694091604023,
    0.020732102003199845,
    0.021353784027929416,
    0.020964997550081285,
    0.021167878060755235,
    0.021136265844335006,
    0.021284840979759845,
    0.021125374550779143,
    0.021359250119222708,
    0.021079439486531716,
    0.021242206146091173,
    0.0214056503052038,
    0.021740924610432248,
    0.02126543280364792,
    0.021514086125511096,
    0.021323495949470354,
    0.02108035946544989,
    0.02119144850262536,
    0.021509903735769657,
    0.02145713770554774,
    0.021438918326742714,
    0.02178357852402179,
    0.0215012548536163,
    0.021418312847056704,
    0.021130868730337135,
    0.021846717947183382,
    0.021743542134199944,
    0.021968688974834182,
    0.02216008462307419,
    0.021471993498309933,
    0.021705545545313627,
    0.021364806217358763,
    0.021893323170354993,
    0.021570122614026778,
    0.021469529333069892,
    0.02137899642397024,
    0.021516750723731767,
    0.02188562413392766,
    0.021590462232554418,
    0.021668466884464208,
    0.02142453786891436,
    0.02175394437634952,
    0.021791860597210114,
    0.02203027161071006,
    0.021779897774355347,
    0.021822182259258006,
    0.022016970312202105,
    0.02245204512603954,
    0.02189530509316119,
    0.021683237005220055,
    0.021865582279835778,
    0.021809773560666053,
    0.021716670499537793,
    0.02202017229225756,
    0.02194006872788469,
    0.022170908725894816,
    0.021672019692406563,
    0.02217411720462887,
    0.021842541025130092,
    0.021824235074027244,
    0.02213707412816639,
    0.022169900437358524,
    0.022192617512156475,
    0.021896092730306443,
    0.021907078783273408
  ],