{
  "final_loss": 5.745475033878316e-07,
  "num_generations_run": 100,
  "sigma_trace": 0.00011143496089195143,
  "sigma_condition_number": 23.676325434135116
}