{
  "t_levels": [
    0.0,
    0.25,
    0.5,
    0.75,
    1.0,
    1.5,
    2.0
  ],
  "C1_uniform_dr": {
    "mean": [
      2.033479928970337,
      2.054625630378723,
      1.902218182881673,
      1.850227991739909,
      1.72357976436615,
      1.993062933286031,
      1.9645462830861409
    ],
    "std": [
      0.094675060964856,
      0.19793728698059476,
      0.27147835623729805,
      0.05872172036153742,
      0.146500773155642,
      0.1678818054437671,
      0.13866222308748144
    ],
    "seeds": [
      [
        1.9470230340957642,
        2.0206570625305176,
        1.6171436309814453,
        1.9302446842193604,
        1.8658138513565063,
        2.0570616722106934,
        2.1505775451660156
      ],
      [
        1.9881705045700073,
        1.8309787511825562,
        1.8220446109771729,
        1.829464316368103,
        1.5219988822937012,
        1.7630621194839478,
        1.8178175687789917
      ],
      [
        2.1652462482452393,
        2.3122410774230957,
        2.2674663066864014,
        1.7909749746322632,
        1.7829265594482422,
        2.159065008163452,
        1.9252437353134155
      ]
    ]
  },
  "C2_pure_sysid": {
    "mean": [
      1.1490694681803386,
      1.2242191632588704,
      1.1957047780354817,
      1.2656543652216594,
      1.2466136614481609,
      1.2213854392369587,
      1.2484816710154216
    ],
    "std": [
      0.005104408429023075,
      0.09454277110829938,
      0.09014891604925085,
      0.16017002603593272,
      0.07776892648477891,
      0.05282550834534388,
      0.0824992603728267
    ],
    "seeds": [
      [
        1.1420553922653198,
        1.1780495643615723,
        1.1111470460891724,
        1.19093656539917,
        1.2463105916976929,
        1.192949891090393,
        1.2167620658874512
      ],
      [
        1.1510984897613525,
        1.355972170829773,
        1.3206137418746948,
        1.4882012605667114,
        1.3420119285583496,
        1.2954310178756714,
        1.3615761995315552
      ],
      [
        1.1540545225143433,
        1.1386357545852661,
        1.1553535461425781,
        1.1178252696990967,
        1.15151846408844,
        1.175775408744812,
        1.1671067476272583
      ]
    ]
  },
  "C3_isotropic": {
    "mean": [
      1.375029444694519,
      1.738437016805013,
      1.48451828956604,
      1.3134993712107341,
      1.4302798509597778,
      1.3576421737670898,
      1.6792573134104412
    ],
    "std": [
      0.11018099197795278,
      0.12293503214613559,
      0.29618366710589206,
      0.09286454439541247,
      0.1685416220184641,
      0.04502498374486746,
      0.23889718281165753
    ],
    "seeds": [
      [
        1.2248655557632446,
        1.7093595266342163,
        1.198837161064148,
        1.2409956455230713,
        1.2743257284164429,
        1.3764147758483887,
        1.3453559875488281
      ],
      [
        1.4140852689743042,
        1.6045324802398682,
        1.362072467803955,
        1.4445834159851074,
        1.6643599271774292,
        1.4009490013122559,
        1.8908199071884155
      ],
      [
        1.4861375093460083,
        1.9014190435409546,
        1.892645239830017,
        1.2549190521240234,
        1.3521538972854614,
        1.295562744140625,
        1.8015960454940796
      ]
    ]
  },
  "C4_pgdr_1.0": {
    "mean": [
      1.860333244005839,
      1.406842827796936,
      1.3805387020111084,
      1.7362446784973145,
      1.3224201599756877,
      1.3032219807306926,
      1.2696314652760823
    ],
    "std": [
      0.4785758046223717,
      0.1718557895464574,
      0.13591156205229526,
      0.5452865259918737,
      0.0602607760633759,
      0.06657758547058856,
      0.024692021845650704
    ],
    "seeds": [
      [
        1.4045313596725464,
        1.6039789915084839,
        1.4772934913635254,
        1.2824026346206665,
        1.3235762119293213,
        1.3860265016555786,
        1.2997746467590332
      ],
      [
        2.5215189456939697,
        1.1851706504821777,
        1.188332200050354,
        2.5030977725982666,
        1.2480448484420776,
        1.223007082939148,
        1.2392927408218384
      ],
      [
        1.654949426651001,
        1.4313788414001465,
        1.4759904146194458,
        1.4232336282730103,
        1.395639419555664,
        1.300632357597351,
        1.2698270082473755
      ]
    ]
  },
  "p_star_to_p_true_mahal": 2.1750495433807373
}