{
  "alpha_levels": [
    0.0,
    0.25,
    0.5,
    1.0,
    1.5,
    2.0,
    3.0
  ],
  "C1_uniform_dr": {
    "mean": [
      1.8577348788579304,
      1.8462857405344646,
      1.8419660727183025,
      1.8221437136332195,
      1.8416531483332317,
      1.8204433520634968,
      1.840712547302246
    ],
    "std": [
      0.11610884959713685,
      0.10769670988408865,
      0.09672338964771472,
      0.11537074192790073,
      0.09764061256998259,
      0.08626463827720232,
      0.0628484659039921
    ],
    "seeds": [
      [
        1.856826663017273,
        1.859900712966919,
        1.8462562561035156,
        1.8144311904907227,
        1.8331632614135742,
        1.8584562540054321,
        1.8707211017608643
      ],
      [
        1.7159874439239502,
        1.7081053256988525,
        1.721417784690857,
        1.6848582029342651,
        1.7265394926071167,
        1.7010444402694702,
        1.753254771232605
      ],
      [
        2.0003905296325684,
        1.970851182937622,
        1.9582241773605347,
        1.9671417474746704,
        1.965256690979004,
        1.9018293619155884,
        1.898161768913269
      ]
    ]
  },
  "C2_pure_sysid": {
    "mean": [
      1.250715970993042,
      1.2447455326716106,
      1.2365535100301106,
      1.2375131050745647,
      1.2391646305720012,
      1.2436910072962444,
      1.2548625071843464
    ],
    "std": [
      0.09288428928406153,
      0.0993096641215424,
      0.07985511212748138,
      0.07710316956852781,
      0.09183290542136582,
      0.08061064512853469,
      0.07487670503881419
    ],
    "seeds": [
      [
        1.2014636993408203,
        1.1762588024139404,
        1.201654314994812,
        1.2096195220947266,
        1.1888878345489502,
        1.2069528102874756,
        1.2502107620239258
      ],
      [
        1.3808025121688843,
        1.385176420211792,
        1.3470181226730347,
        1.3427495956420898,
        1.3680050373077393,
        1.355520486831665,
        1.3488047122955322
      ],
      [
        1.1698817014694214,
        1.1728013753890991,
        1.1609880924224854,
        1.1601701974868774,
        1.160601019859314,
        1.1685997247695923,
        1.1655720472335815
      ]
    ]
  },
  "C3_isotropic": {
    "mean": [
      1.4403985738754272,
      1.5046978791554768,
      1.4333119789759319,
      1.4568591912587483,
      1.5002973079681396,
      1.4828662872314453,
      1.4839431444803874
    ],
    "std": [
      0.09105034965499388,
      0.05178838139837607,
      0.041454441004014304,
      0.03719276416635598,
      0.023313762927640015,
      0.0365195753801454,
      0.03954060644413076
    ],
    "seeds": [
      [
        1.3230313062667847,
        1.457994818687439,
        1.4199020862579346,
        1.4052575826644897,
        1.484648585319519,
        1.4390250444412231,
        1.4372795820236206
      ],
      [
        1.5449509620666504,
        1.5769081115722656,
        1.489441990852356,
        1.4914865493774414,
        1.5332540273666382,
        1.528429627418518,
        1.5339596271514893
      ],
      [
        1.4532134532928467,
        1.479190707206726,
        1.3905918598175049,
        1.473833441734314,
        1.4829893112182617,
        1.4811441898345947,
        1.4805902242660522
      ]
    ]
  },
  "C4_pgdr_1.0": {
    "mean": [
      1.4809181292851765,
      1.534786542256673,
      1.3763243754704793,
      1.4548683961232503,
      1.5226227442423503,
      1.511768062909444,
      1.4705061117808025
    ],
    "std": [
      0.15910803029842285,
      0.27312228681786566,
      0.06112561648203428,
      0.15860513492630043,
      0.20333967188764993,
      0.24796570011989197,
      0.17243693505935997
    ],
    "seeds": [
      [
        1.3147019147872925,
        1.2970880270004272,
        1.3063288927078247,
        1.294691562652588,
        1.344439148902893,
        1.249912977218628,
        1.2828158140182495
      ],
      [
        1.695373773574829,
        1.9172989130020142,
        1.4552537202835083,
        1.6709381341934204,
        1.8071844577789307,
        1.8446966409683228,
        1.699188232421875
      ],
      [
        1.4326786994934082,
        1.3899726867675781,
        1.367390513420105,
        1.3989754915237427,
        1.416244626045227,
        1.4406945705413818,
        1.4295142889022827
      ]
    ]
  }
}