{
  "alpha_levels": [
    0.0,
    0.25,
    0.5,
    1.0,
    1.5,
    2.0,
    3.0
  ],
  "C1_uniform_dr": {
    "mean": [
      1.8477524916330974,
      1.8767595688501995,
      1.8821186621983845,
      1.8357882102330525,
      1.8089882532755535,
      1.82152259349823,
      1.838292121887207
    ],
    "std": [
      0.10643675204710966,
      0.18040977112850562,
      0.11667351497283404,
      0.07576725003792077,
      0.09128405624174743,
      0.0850681474004274,
      0.07452725456200406
    ],
    "seeds": [
      [
        1.7891044616699219,
        1.886770248413086,
        1.9148997068405151,
        1.8914021253585815,
        1.8445268869400024,
        1.9012784957885742,
        1.9061861038208008
      ],
      [
        1.757020354270935,
        1.6509684324264526,
        1.7256813049316406,
        1.7286633253097534,
        1.6837390661239624,
        1.703643798828125,
        1.7345291376113892
      ],
      [
        1.997132658958435,
        2.0925400257110596,
        2.005774974822998,
        1.8872991800308228,
        1.8986988067626953,
        1.8596454858779907,
        1.8741611242294312
      ]
    ]
  },
  "C2_pure_sysid": {
    "mean": [
      1.254898190498352,
      1.2435036102930705,
      1.2591835260391235,
      1.2377455631891887,
      1.257049520810445,
      1.262721061706543,
      1.2508492867151897
    ],
    "std": [
      0.10220053264049891,
      0.08764949474150041,
      0.10166397565402727,
      0.08901187321905182,
      0.08570999906795317,
      0.08748400539719142,
      0.06647430158800921
    ],
    "seeds": [
      [
        1.1832727193832397,
        1.1912317276000977,
        1.1925318241119385,
        1.1873992681503296,
        1.2207205295562744,
        1.24362313747406,
        1.2158199548721313
      ],
      [
        1.3994296789169312,
        1.366976022720337,
        1.4028339385986328,
        1.3628367185592651,
        1.3753612041473389,
        1.37813138961792,
        1.3439149856567383
      ],
      [
        1.1819921731948853,
        1.1723030805587769,
        1.1821848154067993,
        1.1630007028579712,
        1.1750668287277222,
        1.166408658027649,
        1.1928129196166992
      ]
    ]
  },
  "C3_isotropic": {
    "mean": [
      1.4422374963760376,
      1.4799402554829915,
      1.4620219866434734,
      1.4606731335322063,
      1.4447178840637207,
      1.4919153054555256,
      1.4079750776290894
    ],
    "std": [
      0.08544264900404752,
      0.034892519760936935,
      0.03225341397859951,
      0.05861101188189224,
      0.031034775920399552,
      0.03242452954540057,
      0.044463945532262635
    ],
    "seeds": [
      [
        1.324127435684204,
        1.459546446800232,
        1.4515235424041748,
        1.3999837636947632,
        1.4452600479125977,
        1.5070031881332397,
        1.386094093322754
      ],
      [
        1.5233873128890991,
        1.5290511846542358,
        1.505712866783142,
        1.5399103164672852,
        1.4824535846710205,
        1.5218719244003296,
        1.4699692726135254
      ],
      [
        1.4791977405548096,
        1.4512231349945068,
        1.428829550743103,
        1.4421253204345703,
        1.406440019607544,
        1.4468708038330078,
        1.3678618669509888
      ]
    ]
  },
  "C4_pgdr_1.0": {
    "mean": [
      1.5016889174779255,
      1.47561514377594,
      1.4924488464991252,
      1.4300874471664429,
      1.5025137265523274,
      1.4207780361175537,
      1.5051333506902058
    ],
    "std": [
      0.18923672379890252,
      0.19581475198328976,
      0.18254851376797804,
      0.09029762879839726,
      0.14811854078167142,
      0.1451071699798531,
      0.22519218234411098
    ],
    "seeds": [
      [
        1.309438705444336,
        1.3119587898254395,
        1.2951210737228394,
        1.3277639150619507,
        1.354781985282898,
        1.279014229774475,
        1.3142694234848022
      ],
      [
        1.7590458393096924,
        1.7509053945541382,
        1.7352732419967651,
        1.547415018081665,
        1.7049881219863892,
        1.6201566457748413,
        1.8213491439819336
      ],
      [
        1.4365822076797485,
        1.3639812469482422,
        1.446952223777771,
        1.415083408355713,
        1.4477710723876953,
        1.3631632328033447,
        1.3797814846038818
      ]
    ]
  }
}