{
  "payload_levels": [
    0.0,
    0.5,
    1.0,
    1.5,
    2.0,
    2.5,
    3.0
  ],
  "C1_uniform_dr": {
    "mean": [
      1.8975095351537068,
      1.867794354756673,
      1.769156773885091,
      1.916456699371338,
      1.8862661918004353,
      1.7500386635462444,
      1.8442114194234211
    ],
    "std": [
      0.06269438843689402,
      0.12362442085668358,
      0.17696956013840107,
      0.06117401022478934,
      0.03498986462824226,
      0.27357541110073164,
      0.22246425133850586
    ],
    "seeds": [
      [
        1.901589035987854,
        2.0062057971954346,
        1.9644793272018433,
        1.895204782485962,
        1.8487036228179932,
        2.0382888317108154,
        2.0776824951171875
      ],
      [
        1.818766474723816,
        1.706088900566101,
        1.8070099353790283,
        1.854455828666687,
        1.8771507740020752,
        1.8294066190719604,
        1.5448452234268188
      ],
      [
        1.9721730947494507,
        1.8910883665084839,
        1.5359810590744019,
        1.9997094869613647,
        1.9329441785812378,
        1.382420539855957,
        1.9101065397262573
      ]
    ]
  },
  "C2_pure_sysid": {
    "mean": [
      1.2614235480626423,
      1.3040846983591716,
      1.2476412455240886,
      1.2353417873382568,
      1.279789129892985,
      1.282787561416626,
      1.353349248568217
    ],
    "std": [
      0.09649541619769789,
      0.17826277899259474,
      0.0832257616616372,
      0.03533067369192315,
      0.05195812477736893,
      0.03967409595841742,
      0.08607842396142318
    ],
    "seeds": [
      [
        1.212823510169983,
        1.1660776138305664,
        1.2602806091308594,
        1.2115634679794312,
        1.3041657209396362,
        1.238625407218933,
        1.2620712518692017
      ],
      [
        1.396157145500183,
        1.5557955503463745,
        1.3426624536514282,
        1.285287857055664,
        1.3276325464248657,
        1.3348407745361328,
        1.4687412977218628
      ],
      [
        1.1752899885177612,
        1.1903809309005737,
        1.139980673789978,
        1.2091740369796753,
        1.2075691223144531,
        1.274896502494812,
        1.3292351961135864
      ]
    ]
  },
  "C3_isotropic": {
    "mean": [
      1.3691491683324177,
      1.455376108487447,
      1.4380144278208415,
      1.562849760055542,
      1.7044903834660847,
      1.5309807062149048,
      1.642354925473531
    ],
    "std": [
      0.10810885582348236,
      0.2050633371971649,
      0.19383139768195826,
      0.19336937885208655,
      0.08519617340254149,
      0.07197812664566357,
      0.20941127349274513
    ],
    "seeds": [
      [
        1.2622003555297852,
        1.7443655729293823,
        1.255161166191101,
        1.8355916738510132,
        1.6544016599655151,
        1.4372810125350952,
        1.742817759513855
      ],
      [
        1.5172425508499146,
        1.3318641185760498,
        1.706300973892212,
        1.4092607498168945,
        1.6346352100372314,
        1.6122769117355347,
        1.3508559465408325
      ],
      [
        1.3280045986175537,
        1.2898986339569092,
        1.3525811433792114,
        1.4436968564987183,
        1.8244342803955078,
        1.5433841943740845,
        1.8333910703659058
      ]
    ]
  },
  "C4_pgdr_0.5": {
    "mean": [
      1.7201728026072185,
      1.3993279536565144,
      1.6567972898483276,
      1.8068427642186482,
      1.688637653986613,
      1.68279763062795,
      1.931716759999593
    ],
    "std": [
      0.17864374422513382,
      0.07192734955784819,
      0.41963183280778926,
      0.34000226316600685,
      0.31917979671262153,
      0.19803982185951705,
      0.17367105795299084
    ],
    "seeds": [
      [
        1.5684845447540283,
        1.2980823516845703,
        1.7165577411651611,
        1.8553581237792969,
        1.4303947687149048,
        1.4027422666549683,
        1.6991900205612183
      ],
      [
        1.9709837436676025,
        1.441447138786316,
        1.115587592124939,
        1.3682941198349,
        2.138378143310547,
        1.8202952146530151,
        1.9794896841049194
      ],
      [
        1.6210501194000244,
        1.4584543704986572,
        2.138246536254883,
        2.196876049041748,
        1.4971400499343872,
        1.8253554105758667,
        2.1164705753326416
      ]
    ]
  },
  "C4_pgdr_1.0": {
    "mean": [
      1.4487226804097493,
      1.698965589205424,
      1.369092543919881,
      1.2779739300409954,
      1.7742339769999187,
      1.8395946820576985,
      1.316319743792216
    ],
    "std": [
      0.17472623640722407,
      0.6428208993926257,
      0.022137442412359775,
      0.06116879419157707,
      0.6693044596134825,
      0.6059671557050553,
      0.1007788767394156
    ],
    "seeds": [
      [
        1.3906487226486206,
        1.2803945541381836,
        1.3589857816696167,
        1.3106094598770142,
        1.257318377494812,
        1.2517119646072388,
        1.2927237749099731
      ],
      [
        1.2697585821151733,
        2.607126474380493,
        1.3484848737716675,
        1.3310364484786987,
        2.7193877696990967,
        2.6735265254974365,
        1.4498428106307983
      ],
      [
        1.685760736465454,
        1.2093757390975952,
        1.3998069763183594,
        1.192275881767273,
        1.3459957838058472,
        1.5935455560684204,
        1.2063926458358765
      ]
    ]
  },
  "C4_pgdr_2.0": {
    "mean": [
      1.7412887811660767,
      1.9938552776972454,
      1.7935982942581177,
      1.9241526921590169,
      1.9961206118265789,
      1.9287582635879517,
      1.855788032213847
    ],
    "std": [
      0.22246120008100762,
      0.19823034323485078,
      0.2250251046584909,
      0.05003675370003538,
      0.2259977926765537,
      0.29540015776882345,
      0.07315559604584383
    ],
    "seeds": [
      [
        1.8844908475875854,
        1.7139900922775269,
        1.518179178237915,
        1.9606722593307495,
        1.9360179901123047,
        1.7724817991256714,
        1.8914787769317627
      ],
      [
        1.4270906448364258,
        2.1479127407073975,
        1.7932401895523071,
        1.9583834409713745,
        1.7543203830718994,
        1.6713743209838867,
        1.922039270401001
      ],
      [
        1.9122848510742188,
        2.1196630001068115,
        2.069375514984131,
        1.8534023761749268,
        2.2980234622955322,
        2.342418670654297,
        1.7538460493087769
      ]
    ]
  }
}