{
  "delta_levels": [
    0.0,
    0.05,
    0.1,
    0.2,
    0.3,
    0.5
  ],
  "C1_uniform_dr": {
    "mean": [
      1.8949681123097737,
      1.8082873423894246,
      1.780758301417033,
      1.7869362831115723,
      1.822758634885152,
      1.8141876459121704
    ],
    "std": [
      0.18272725045705485,
      0.055390399624295455,
      0.08940578845075406,
      0.04753182397096567,
      0.08740870519398194,
      0.04641261512437479
    ],
    "seeds": [
      [
        1.8080871105194092,
        1.8424253463745117,
        1.820344090461731,
        1.8011114597320557,
        1.8229130506515503,
        1.8337219953536987
      ],
      [
        1.7276418209075928,
        1.7301602363586426,
        1.6569710969924927,
        1.7229434251785278,
        1.7156281471252441,
        1.750152587890625
      ],
      [
        2.1491754055023193,
        1.8522764444351196,
        1.864959716796875,
        1.8367539644241333,
        1.929734706878662,
        1.8586883544921875
      ]
    ]
  },
  "C2_pure_sysid": {
    "mean": [
      1.2377797365188599,
      1.278679370880127,
      1.2722376982371013,
      1.2590928475062053,
      1.2673065265019734,
      1.2970982789993286
    ],
    "std": [
      0.07264056647041901,
      0.09779804636055406,
      0.0810432679609418,
      0.0855372541206986,
      0.08298462756331776,
      0.1022651563811857
    ],
    "seeds": [
      [
        1.2192827463150024,
        1.2428911924362183,
        1.2452231645584106,
        1.2270786762237549,
        1.2733056545257568,
        1.3084630966186523
      ],
      [
        1.3345403671264648,
        1.4122717380523682,
        1.3822057247161865,
        1.3761259317398071,
        1.3658090829849243,
        1.416277289390564
      ],
      [
        1.1595160961151123,
        1.1808751821517944,
        1.1892842054367065,
        1.1740739345550537,
        1.1628048419952393,
        1.1665544509887695
      ]
    ]
  },
  "C3_isotropic": {
    "mean": [
      1.448534329732259,
      1.4733690023422241,
      1.4866417249043782,
      1.5153290430704753,
      1.4985759258270264,
      1.5329824288686116
    ],
    "std": [
      0.13888262079800223,
      0.052209196236717124,
      0.07143822033438788,
      0.03283515614499916,
      0.03815338103898009,
      0.06871337068100711
    ],
    "seeds": [
      [
        1.3087236881256104,
        1.4167590141296387,
        1.4682400226593018,
        1.5603169202804565,
        1.5286353826522827,
        1.6020269393920898
      ],
      [
        1.6379064321517944,
        1.5427249670028687,
        1.581872582435608,
        1.4828706979751587,
        1.5223513841629028,
        1.557679533958435
      ],
      [
        1.3989728689193726,
        1.460623025894165,
        1.409812569618225,
        1.5027995109558105,
        1.4447410106658936,
        1.43924081325531
      ]
    ]
  },
  "C4_pgdr_1.0": {
    "mean": [
      1.4633463621139526,
      1.441280682881673,
      1.5202998717625935,
      1.4256840944290161,
      1.5180604855219524,
      1.5503344138463337
    ],
    "std": [
      0.13416692357413196,
      0.12176172807952469,
      0.19361433171265288,
      0.12214739654762743,
      0.2507892453648202,
      0.21191917200883698
    ],
    "seeds": [
      [
        1.284172534942627,
        1.3228988647460938,
        1.296889066696167,
        1.272618293762207,
        1.2605255842208862,
        1.3206456899642944
      ],
      [
        1.6070045232772827,
        1.608768343925476,
        1.769101858139038,
        1.571557641029358,
        1.8580143451690674,
        1.8319028615951538
      ],
      [
        1.4988620281219482,
        1.3921748399734497,
        1.4949086904525757,
        1.4328763484954834,
        1.4356415271759033,
        1.4984546899795532
      ]
    ]
  }
}