{
  "param_recovery": {
    "total_rmse": 3.1687893867492676,
    "per_group": {
      "friction": {
        "rmse": 1.8537805080413818,
        "mean_per_param": 0.25529107451438904,
        "num_params": 23
      },
      "mass": {
        "rmse": 1.8355740308761597,
        "mean_per_param": 0.29587239027023315,
        "num_params": 24
      },
      "actuator": {
        "rmse": 1.588729977607727,
        "mean_per_param": 0.22656528651714325,
        "num_params": 23
      },
      "contact": {
        "rmse": 0.8434029221534729,
        "mean_per_param": 0.3507445752620697,
        "num_params": 4
      }
    },
    "per_param_sq_error": [
      0.002186060883104801,
      0.005924802273511887,
      0.020635372027754784,
      0.0015349418390542269,
      0.05382721871137619,
      1.0713704824447632,
      0.1316026896238327,
      0.1364206224679947,
      2.395907176833134e-05,
      0.4313316345214844,
      0.01171255111694336,
      0.002856487175449729,
      0.08001609146595001,
      0.00016885872173588723,
      0.449937641620636,
      0.00018140440806746483,
      0.06858963519334793,
      5.693604543921538e-05,
      0.6152306199073792,
      0.00010465954983374104,
      0.001620630850084126,
      0.0048626987263560295,
      0.34630611538887024,
      0.1935415416955948,
      0.07162821292877197,
      0.004057855810970068,
      0.11944589763879776,
      0.17430830001831055,
      0.00015699228970333934,
      0.021687770262360573,
      0.3781222403049469,
      0.04967591539025307,
      0.004516391549259424,
      0.08777155727148056,
      0.11728402227163315,
      0.11502568423748016,
      0.10175816714763641,
      1.0159214735031128,
      3.779721009777859e-05,
      0.0042038531973958015,
      0.15817402303218842,
      0.0034379500430077314,
      0.0248740054666996,
      0.017988618463277817,
      0.36847880482673645,
      0.05934158340096474,
      0.2778932452201843,
      0.15281249582767487,
      0.038024671375751495,
      6.324551941361278e-05,
      0.004844108130782843,
      0.002818642184138298,
      0.000182951262104325,
      0.04745049402117729,
      1.606841578905005e-05,
      0.23946481943130493,
      0.0024890482891350985,
      0.15760941803455353,
      0.02319415472447872,
      0.0004428499669302255,
      0.00018705587717704475,
      0.6138278841972351,
      0.054193589836359024,
      1.3929628039477393e-05,
      0.0056401146575808525,
      0.058639053255319595,
      0.08166936039924622,
      0.3881191611289978,
      0.007531460840255022,
      0.6448284983634949,
      0.16452111303806305,
      0.06630223989486694,
      0.002340589417144656,
      0.47816452383995056
    ]
  },
  "covariance_calibration": {
    "pearson_correlation": 0.35223010182380676,
    "spearman_correlation": 0.2703739404678345,
    "per_group_correlation": {
      "friction": 0.3332103192806244,
      "mass": 0.49409475922584534,
      "actuator": 0.23867426812648773,
      "contact": 0.21179130673408508
    },
    "per_param": [
      {
        "name": "friction_AAHead_yaw",
        "group": "friction",
        "uncertainty": 0.06062452867627144,
        "sq_error": 0.002186060883104801
      },
      {
        "name": "friction_Head_pitch",
        "group": "friction",
        "uncertainty": 0.060283079743385315,
        "sq_error": 0.005924802273511887
      },
      {
        "name": "friction_Left_Shoulder_Pitch",
        "group": "friction",
        "uncertainty": 0.06040142476558685,
        "sq_error": 0.020635372027754784
      },
      {
        "name": "friction_Left_Shoulder_Roll",
        "group": "friction",
        "uncertainty": 0.060211457312107086,
        "sq_error": 0.0015349418390542269
      },
      {
        "name": "friction_Left_Elbow_Pitch",
        "group": "friction",
        "uncertainty": 0.06038332358002663,
        "sq_error": 0.05382721871137619
      },
      {
        "name": "friction_Left_Elbow_Yaw",
        "group": "friction",
        "uncertainty": 0.06049150601029396,
        "sq_error": 1.0713704824447632
      },
      {
        "name": "friction_Right_Shoulder_Pitch",
        "group": "friction",
        "uncertainty": 0.06014355644583702,
        "sq_error": 0.1316026896238327
      },
      {
        "name": "friction_Right_Shoulder_Roll",
        "group": "friction",
        "uncertainty": 0.0604422464966774,
        "sq_error": 0.1364206224679947
      },
      {
        "name": "friction_Right_Elbow_Pitch",
        "group": "friction",
        "uncertainty": 0.060446590185165405,
        "sq_error": 2.395907176833134e-05
      },
      {
        "name": "friction_Right_Elbow_Yaw",
        "group": "friction",
        "uncertainty": 0.06059148907661438,
        "sq_error": 0.4313316345214844
      },
      {
        "name": "friction_Waist",
        "group": "friction",
        "uncertainty": 0.06029803305864334,
        "sq_error": 0.01171255111694336
      },
      {
        "name": "friction_Left_Hip_Pitch",
        "group": "friction",
        "uncertainty": 0.060070570558309555,
        "sq_error": 0.002856487175449729
      },
      {
        "name": "friction_Left_Hip_Roll",
        "group": "friction",
        "uncertainty": 0.06008092314004898,
        "sq_error": 0.08001609146595001
      },
      {
        "name": "friction_Left_Hip_Yaw",
        "group": "friction",
        "uncertainty": 0.059990931302309036,
        "sq_error": 0.00016885872173588723
      },
      {
        "name": "friction_Left_Knee_Pitch",
        "group": "friction",
        "uncertainty": 0.060379140079021454,
        "sq_error": 0.449937641620636
      },
      {
        "name": "friction_Left_Ankle_Pitch",
        "group": "friction",
        "uncertainty": 0.06045183166861534,
        "sq_error": 0.00018140440806746483
      },
      {
        "name": "friction_Left_Ankle_Roll",
        "group": "friction",
        "uncertainty": 0.05992116406559944,
        "sq_error": 0.06858963519334793
      },
      {
        "name": "friction_Right_Hip_Pitch",
        "group": "friction",
        "uncertainty": 0.06007425859570503,
        "sq_error": 5.693604543921538e-05
      },
      {
        "name": "friction_Right_Hip_Roll",
        "group": "friction",
        "uncertainty": 0.06042153388261795,
        "sq_error": 0.6152306199073792
      },
      {
        "name": "friction_Right_Hip_Yaw",
        "group": "friction",
        "uncertainty": 0.06041437387466431,
        "sq_error": 0.00010465954983374104
      },
      {
        "name": "friction_Right_Knee_Pitch",
        "group": "friction",
        "uncertainty": 0.06043951213359833,
        "sq_error": 0.001620630850084126
      },
      {
        "name": "friction_Right_Ankle_Pitch",
        "group": "friction",
        "uncertainty": 0.06006879732012749,
        "sq_error": 0.0048626987263560295
      },
      {
        "name": "friction_Right_Ankle_Roll",
        "group": "friction",
        "uncertainty": 0.06023034080862999,
        "sq_error": 0.34630611538887024
      },
      {
        "name": "mass_Trunk",
        "group": "mass",
        "uncertainty": 0.06012215465307236,
        "sq_error": 0.1935415416955948
      },
      {
        "name": "mass_H1",
        "group": "mass",
        "uncertainty": 0.06031814217567444,
        "sq_error": 0.07162821292877197
      },
      {
        "name": "mass_H2",
        "group": "mass",
        "uncertainty": 0.060491979122161865,
        "sq_error": 0.004057855810970068
      },
      {
        "name": "mass_AL1",
        "group": "mass",
        "uncertainty": 0.05994739010930061,
        "sq_error": 0.11944589763879776
      },
      {
        "name": "mass_AL2",
        "group": "mass",
        "uncertainty": 0.060245200991630554,
        "sq_error": 0.17430830001831055
      },
      {
        "name": "mass_AL3",
        "group": "mass",
        "uncertainty": 0.06019722670316696,