{
  "final_loss": 0.004755878661473821,
  "num_generations_run": 9,
  "sigma_trace": 4.462323188781738,
  "sigma_condition_number": 1.1386255025863647
}