{
  "final_loss": 0.09617469074814056,
  "num_generations_run": 87,
  "sigma_trace": 0.3729372635561158,
  "sigma_condition_number": 20.384970575342834
}