{
  "condition": "C2_pure_sysid",
  "condition_config": {
    "dr_mode": "none",
    "p_star": [
      0.12894214689731598,
      0.058636270463466644,
      -0.0360708013176918,
      0.02003207430243492,
      0.11026013642549515,
      -0.8923836350440979,
      0.441112756729126,
      0.4551709294319153,
      -0.11646071076393127,
      -0.6716426610946655,
      0.06946395337581635,
      0.18147560954093933,
      0.3260307013988495,
      0.10982304811477661,
      0.6537981629371643,
      -0.09529703110456467,
      0.2782716453075409,
      -0.12330923229455948,
      -0.6860769987106323,
      0.04972964525222778,
      0.037169262766838074,
      -0.11337526142597198,
      0.7296872138977051,
      0.5578699111938477,
      0.3511495292186737,
      -0.15530969202518463,
      0.3356257677078247,
      0.28064361214637756,
      -0.11624281108379364,
      0.2021823674440384,
      -0.5414878129959106,
      -0.0826280266046524,
      0.014951705932617188,
      0.2574005722999573,
      0.3333342969417572,
      0.24599577486515045,
      0.20797201991081238,
      -1.015217900276184,
      -0.08807513862848282,
      0.11578132957220078,
      -0.4165654182434082,
      0.15843749046325684,
      -0.097635418176651,
      0.07783164829015732,
      0.706702470779419,
      0.33503058552742004,
      0.49339932203292847,
      0.32741081714630127,
      0.24974781274795532,
      -0.11602696031332016,
      -0.020427914336323738,
      -0.09470044076442719,
      0.07255136221647263,
      0.26728659868240356,
      0.06555815786123276,
      -0.4051327109336853,
      -0.06221562996506691,
      0.4176228940486908,
      -0.26035717129707336,
      -0.0945969745516777,
      0.036844052374362946,
      0.7748005390167236,
      -0.21322433650493622,
      0.0757674127817154,
      0.11551619321107864,
      -0.22608119249343872,
      -0.26801636815071106,
      0.5641771554946899,
      -0.053970661014318466,
      0.7840273380279541,
      -0.4912366271018982,
      -0.2849336266517639,
      0.1544005572795868,
      -0.7713125348091125
    ],
    "description": "Train at identified p* only, no randomization"
  },
  "training": {
    "algorithm": "PPO",
    "num_envs": 64,
    "num_steps": 8,
    "total_timesteps": 32768,
    "learning_rate": 0.0003,
    "gamma": 0.99,
    "gae_lambda": 0.95,
    "clip_eps": 0.2,
    "entropy_coef": 0.01,
    "value_coef": 0.5,
    "max_grad_norm": 0.5,
    "num_minibatches": 4,
    "update_epochs": 2,
    "normalize_advantages": true,
    "episode_length": 300
  },
  "seed": 0
}