{
  "final_loss": 0.0014331516089192793,
  "num_generations_run": 50,
  "sigma_trace": 2.698922606300752,
  "sigma_condition_number": 13.95017862899637
}