{
  "final_loss": 0.007905360456304605,
  "num_generations_run": 3,
  "sigma_trace": 1.1285911798477173,
  "sigma_condition_number": 1.1333563327789307
}