{
  "condition": "C2_pure_sysid",
  "condition_config": {
    "dr_mode": "none",
    "p_star": [
      0.0018136125290766358,
      0.496666818857193,
      -0.08481857925653458,
      -0.6206241250038147,
      0.5765560865402222,
      0.37682420015335083,
      -0.8684970736503601,
      0.4919584393501282,
      0.400886595249176,
      0.17018330097198486,
      -0.3318437337875366,
      -0.29627180099487305,
      0.21244798600673676,
      0.09648812562227249,
      -0.3456061780452728,
      -0.14124540984630585,
      -0.3310435712337494,
      -0.30106401443481445,
      -0.11285281181335449,
      0.1918899565935135,
      0.6700073480606079,
      0.19221000373363495,
      0.3126457631587982
    ],
    "description": "Train at identified p* only, no randomization"
  },
  "training": {
    "algorithm": "PPO",
    "num_envs": 8,
    "num_steps": 4,
    "total_timesteps": 32,
    "learning_rate": 0.0003,
    "gamma": 0.99,
    "gae_lambda": 0.95,
    "clip_eps": 0.2,
    "entropy_coef": 0.01,
    "value_coef": 0.5,
    "max_grad_norm": 0.5,
    "num_minibatches": 1,
    "update_epochs": 1,
    "normalize_advantages": true,
    "episode_length": 100
  },
  "seed": 0
}