{
  "final_loss": 0.12487425220585512,
  "num_generations_run": 174,
  "sigma_trace": 0.9107488731218234,
  "sigma_condition_number": 24.851527959318005
}