{
  "final_loss": 0.004274679144816038,
  "num_generations_run": 6,
  "sigma_trace": 1.6260002445964237,
  "sigma_condition_number": 1.6978862405517385
}